LA Clippers,Los Angeles Lakers,1.9611613513818402,0.7372910147493881,-0.3128716065407075,1.7656394707520988,1.0509435590628025,-1.0509435590628025,1.287535306620539,1
Toronto Raptors,New Orleans Pelicans,1.9611613513818402,0.41360227656673054,-0.6257432130814149,1.2085202202720675,0.41833675652014424,-0.41833675652014424,-0.14507440074597647,1
Philadelphia 76ers,Boston Celtics,2.001150417121303,3.6717375940891044,1.6364890506391294,2.2852752681573767,1.3545796807657606,-1.2695131415546985,1.5920126382743285,1
San Antonio Spurs,New York Knicks,2.001150417121303,2.0338546477062187,1.8622116783134923,1.3862883060513496,0.9163333134591893,-0.8587883016399416,1.1216452678750937,1
Phoenix Suns,Sacramento Kings,2.001150417121303,-0.6299549793780325,-3.470485400493326,4.4781313159113285,2.4601557437436963,-2.305659896794194,1.845287376181607,1
Brooklyn Nets,Minnesota Timberwolves,-2.001150417121303,-0.48596526980591126,0.790029196860269,-0.14282970425983604,0.09960144711512939,-0.0933465545260807,0.5789136866452107,0
Orlando Magic,Cleveland Cavaliers,2.001150417121303,-1.439897095721217,-0.84645985377886,1.5123145156923816,0.8964130240361643,-0.8401189907347264,0.8864615826754779,1
Miami Heat,Memphis Grizzlies,2.001150417121303,1.727876514865461,-0.7618138684009748,2.8061836013403076,1.663344166822661,-1.5588874605855483,1.6824679018126414,1
Portland Trail Blazers,Denver Nuggets,-2.001150417121303,0.611956265681517,0.056430656918591504,-1.3106725802667305,-0.6872499850943933,0.6440912262299575,-1.194009478705745,0
Utah Jazz,Oklahoma City Thunder,2.001150417121303,0.17998713696515212,-1.3825510945054713,0.8401747309402119,0.48804709086413456,-0.4573981171777961,0.2532747379072796,1
Indiana Pacers,Detroit Pistons,-1.0005752085606514,-1.295907386149096,-0.4232299268894305,-0.3948821235418995,-0.32868477547992675,0.24270104176780938,-0.5970047393528715,0
Dallas Mavericks,Washington Wizards,2.001150417121303,-0.17998713696515214,0.8182445253195643,1.2938690856479265,0.7569709980749827,-0.709433814398213,1.8452873761816069,1
Charlotte Hornets,Chicago Bulls,2.001150417121303,-1.4578958094177326,1.8622116783134923,0.16803494618804238,-0.01992028942302615,0.018669310905216285,2.134744219504212,1
Golden State Warriors,LA Clippers,-2.4730533698493087,-0.5018934601432052,-1.7314914019537997,-3.2659022290704476,-1.3313883277705956,2.397095808128225,-2.8415726691979963,0
Houston Rockets,Milwaukee Bucks,-2.4730533698493087,0.7428023210119431,0.9946865500585667,-1.1261731824380852,-0.6312617071326103,0.5562880567386175,-0.584436931962709,0
Detroit Pistons,Atlanta Hawks,-1.2365266849246543,-0.14053016884009661,1.031526792653328,-2.1806807987210197,-1.0674061593333242,0.8799465624774497,-0.584436931962709,0
Los Angeles Lakers,Utah Jazz,-0.46631502414706466,-0.5470371656119257,-1.440171630830777,-1.1175937820335493,0.05523083158810438,1.2953284497437794,-1.351850475071528,1
Brooklyn Nets,New York Knicks,1.396152766907379,0.0,-0.5449298062602936,1.4081681653622724,1.021770384379952,-0.7170568203938789,1.038028043358494,1
Boston Celtics,Toronto Raptors,0.0,-1.0652829014548022,-3.3863495103318275,-0.3576300102507357,-0.2209233263524215,0.1734814888049706,-2.148476647881537,1
Sacramento Kings,Portland Trail Blazers,-1.396152766907379,-1.1228657609929025,0.9341653821605037,-2.6598732012398476,-2.140194724039091,1.1334123935258078,-1.8105140291136546,0
Denver Nuggets,Phoenix Suns,0.9298377427603142,-0.8925343228405094,0.42815913349023166,-0.7711397096031489,-1.3945784975996651,-0.24287408432695823,-1.2070093527424355,1
Charlotte Hornets,Minnesota Timberwolves,-1.3961527669073788,-1.986608654064365,2.024024994681092,-2.2575394397077697,-0.49707748429295134,1.8736000790936815,0.9656074821939479,0
Memphis Grizzlies,Chicago Bulls,-0.9298377427603144,-0.11516571907619456,2.374337012991282,-0.7711397096031493,-1.1874628791442712,-0.17348148880497063,0.14484112232909263,0
Oklahoma City Thunder,Washington Wizards,-0.9298377427603144,1.0652829014548042,1.012012497340546,-0.9946584660098591,-2.1263870161420635,-0.8905383091988496,-1.1587289786327406,0
New Orleans Pelicans,Dallas Mavericks,-2.7923055338147575,-0.5758285953809749,0.15569423036008417,-1.4193441031826077,-0.09665395527918319,1.2721975845697846,-0.7724859857551576,0
San Antonio Spurs,Washington Wizards,2.0939494524714948,1.7639299532993455,-0.08083609953933713,0.5246563118273132,2.1022236758067665,1.0495720905360924,1.2112515792405445,1
Chicago Bulls,Toronto Raptors,-1.0485444034864757,-1.7051322881893667,-2.708009334567803,-1.4958286337204247,-0.7863279398055825,0.9599744730513037,-2.4751662706219855,0
New York Knicks,Boston Celtics,-2.0939494524714948,-1.3229474649745092,3.6376244792701833,-1.7972269405148387,-0.9307555205862008,1.241566985146353,1.184920023170101,0
Phoenix Suns,LA Clippers,0.0,1.4993404603044422,0.0,0.49116761107237816,-1.5405608616599185,-1.6127571147261912,-1.6062249202972474,1
Houston Rockets,New Orleans Pelicans,1.5696772507282568,0.7937684789847044,-0.12125414930900641,0.45767891031744334,-0.43328274234185277,-0.7295805995189911,-0.18432089249312678,1
Cleveland Cavaliers,Indiana Pacers,1.5696772507282568,3.9982412274785175,0.727524895854037,1.2167561274293008,-0.8826129936593288,-2.0991441810721847,-0.6056257896202737,1
Detroit Pistons,Philadelphia 76ers,-2.0939494524714948,-2.381305436954117,-0.1616721990786757,-1.5628060352302944,0.3690927064393552,1.7791526900550818,0.8952729063951844,0
Milwaukee Bucks,Miami Heat,-0.524272201743238,0.058797665109979,-2.3038288368711157,-0.5134934115756683,-0.1925701077074904,0.4991867259866769,-0.47396800926803734,0
Utah Jazz,Sacramento Kings,2.0939494524714948,1.7933287858543352,-0.4850165972360241,3.605616781281322,1.508465843708672,-2.9695210366386977,1.7905458127903717,1
Atlanta Hawks,Orlando Magic,1.569677250728257,0.35278599065987004,1.6571400405564167,0.8930320201315968,2.2466512565873824,1.0111731116140408,3.1861182845240457,1
Los Angeles Lakers,Charlotte Hornets,1.4078430755332838,1.527083304993667,-1.666831322289834,2.6415624443903853,0.9991542476589903,-2.0647818543863106,-0.2064934654159357,1
Dallas Mavericks,Portland Trail Blazers,0.5638124547099723,0.35240383961392263,-0.45837861362970406,0.5310357491300257,0.697522776667598,0.0917680824171685,0.20649346541593566,0
Minnesota Timberwolves,Miami Heat,1.124248786936651,1.096367501021096,-1.7501728884043244,0.5582683516495142,0.9614503137850655,0.183536164834337,-0.8554729281517303,1
Memphis Grizzlies,Brooklyn Nets,0.0,0.039155982179325366,-0.5000493966869497,-1.1301530045587729,-1.6024171896417778,0.0764734020143078,-1.4159551914235557,1
Oklahoma City Thunder,Golden State Warriors,-0.2802181661133395,1.6837072337109655,1.5418189731180956,1.7565028625070085,-1.4893053880200062,-3.380124369032406,0.5014841302958438,1
San Antonio Spurs,Portland Trail Blazers,1.7124889431170887,1.8423689576575337,0.15688181164627785,0.5445552494812579,0.9832816541557402,0.16476985225182914,0.20321017381839607,1
New York Knicks,Chicago Bulls,0.0,1.5415740257950803,2.784652156721429,-0.1555872141375022,-0.05363354477213078,0.17974892972926954,0.9579908194295813,1
Phoenix Suns,Utah Jazz,-0.8562444715585443,-0.5639904972421024,-1.7649203810206249,0.12965601178125186,1.4302278605901677,1.1234308108079318,0.26127022348079487,0
LA Clippers,Charlotte Hornets,1.7124889431170889,0.45119239779368026,-0.7451886053198198,2.8653978603656665,3.0213563554967275,-0.8987446486463455,2.4385220858207486,1
Houston Rockets,Oklahoma City Thunder,1.428215778559652,-1.6919714917263071,-1.3334953989933604,-0.1815184164937526,1.5732506466491838,1.6027612900859833,0.3773903228055926,1
Detroit Pistons,Indiana Pacers,1.7124889431170889,0.7895866961389439,2.03946355140161,0.5704864518375081,0.7151139302950839,-0.22468616216158638,1.8869516140279599,1
Milwaukee Bucks,Cleveland Cavaliers,1.1439426140022153,-1.2783784604154316,-1.2550544931702219,1.322491320168769,1.7341512809655788,-0.13481169729695267,1.6837414402095638,1
Atlanta Hawks,Philadelphia 76ers,-1.7124889431170887,-1.7671702246919219,-0.5883067936735413,-0.764970469509386,-0.12514493780163766,0.7789120288268333,0.23224019864959541,0
Sacramento Kings,Denver Nuggets,-2.5687334146756333,-2.669555020279285,1.647259022285916,-2.930225866256292,-2.1274639426278754,1.393054205401835,-0.7257506207799859,0
Toronto Raptors,Orlando Magic,1.428215778559652,1.579173392277885,2.3532271746941653,1.2187665107437675,1.7520291292229548,0.23966523963902686,2.699792309301544,1
New Orleans Pelicans,Golden State Warriors,-1.1405176361159812,-0.7895866961389438,0.23532271746941635,0.5964176541937585,0.4290683581770488,-0.5692049441426872,0.9579908194295812,0
Los Angeles Lakers,Memphis Grizzlies,1.7962528370364894,0.9516208824195133,-0.666314296722519,3.367435531719689,2.326691367610183,-1.6005680855537388,1.5935523565280734,1
Miami Heat,Atlanta Hawks,0.8981264185182447,0.6344139216130088,1.019068924399145,0.873560681868706,0.7056359065702991,-0.4107652608943233,0.9061376144963521,1
Denver Nuggets,Dallas Mavericks,0.0,1.4802991504303546,0.666314296722519,-0.08453813050342318,-1.0870607209326266,-0.6090657316708915,-1.5310601072524594,0
Philadelphia 76ers,Minnesota Timberwolves,0.9754369192416574,2.156950625339533,1.5351351684112517,1.2204131824510467,-0.15779594746986011,-1.3227778205541252,0.2943902882467244,1
Golden State Warriors,Phoenix Suns,-1.3656116869383204,-0.18594401942582195,-0.12119488171667805,-2.8284870228571313,-0.33531638837345434,2.6600916611143366,-1.3738213451513772,0
Brooklyn Nets,Indiana Pacers,0.0,2.156950625339533,2.221906164805759,0.17229362575779478,0.5522858161445117,0.10175214004262534,1.0467210248772423,0
Boston Celtics,Milwaukee Bucks,0.9754369192416573,0.4834544505071386,-0.8483641720167447,0.6748167008846963,-0.37476537524092013,-0.9593773204018913,-2.1915721458367226,1
Orlando Magic,New York Knicks,1.1705243030899888,0.334699234966479,-2.464295928239115,1.4501380167947728,-0.512836829277046,-1.9187546408037846,-0.9813009608224146,1
Cleveland Cavaliers,Chicago Bulls,1.1705243030899888,2.566027468076342,2.019914695277962,0.5312386794198674,0.3550408818071859,-0.276184380115695,1.4719514412336223,1
Utah Jazz,LA Clippers,0.5189324410365617,0.8553424893587798,0.9291607598278631,0.5886698880057988,-2.189418771144318,-2.093186880876856,-0.6869106725756903,1
Sacramento Kings,Charlotte Hornets,-1.560699070786652,-0.03718880388516488,-0.4847795268667108,-1.0768351609862172,-1.4793370075299435,-0.02907204001217889,-2.1261520817818953,0
Washington Wizards,Houston Rockets,-1.9508738384833149,-0.4090768427368061,0.5655761146778289,-0.04307340643944871,-0.8087042307830374,-0.5232967202192149,-0.09813009608224155,0
Toronto Raptors,Detroit Pistons,1.5606990707866517,1.9710066059137112,-0.28278805733891443,1.9383032897751917,0.2366939212047915,-1.6425702606880894,0.26168025621931057,1
Oklahoma City Thunder,Portland Trail Blazers,-1.5606990707866517,1.8594401942582193,1.0907539354500995,0.0,-1.1242961257227577,-0.8866972203714449,-0.8504608327127594,0
LA Clippers,San Antonio Spurs,-0.5645175271357583,-2.962174256244439,0.6104496851044647,-0.029548624163805992,0.09967642786168596,0.06206621873621482,1.0377989822731541,1
Atlanta Hawks,Miami Heat,-1.6977970740925064,0.11392977908632357,-0.7848638808485977,-1.2705908390436573,-0.9170231363275081,0.6361787420461943,-1.3725728475225552,0
New Orleans Pelicans,Denver Nuggets,-1.6977970740925064,-1.8608530584099685,0.26162129361619896,-0.32503486580186586,1.2359877054849042,1.0706422731996914,1.573437166672198,1
Golden State Warriors,San Antonio Spurs,-2.6491759029186674,-2.554608091289501,-0.04865399952251853,-2.4755095289919846,-1.3727687861784466,1.8079470625897742,-0.9831753597229698,0
Chicago Bulls,Detroit Pistons,-0.40177075304927645,-0.2322370992081344,-2.189429978513342,-0.030751671167602246,-0.3646417088286501,-0.19122517008160966,-2.0014641251503353,1
Brooklyn Nets,Houston Rockets,-1.1174249069183002,1.857896793665092,2.189429978513342,0.015375835583801123,-1.4585668353145977,-1.269039765087052,-0.14045362281756768,1
Boston Celtics,New York Knicks,2.6491759029186674,-1.0063607632352567,-2.919239971351122,1.9373552835589447,1.3727687861784463,-1.1125828077475513,0.5267010855658788,1
Orlando Magic,Milwaukee Bucks,-1.3978274116506082,-0.15482473280542397,0.3405779966576308,-1.8912277768075412,-3.5606190391503416,-0.7649006803264435,-3.6517941932567557,0
Indiana Pacers,Cleveland Cavaliers,0.0,-1.6256596944569548,-1.7515439828106745,0.32289254725982414,0.2573941474084591,-0.12168874459738908,-0.5969278969746625,1
Dallas Mavericks,Los Angeles Lakers,-0.8370224021859931,1.316010228846107,0.2432699976125935,-1.4607043804611093,0.40754073339672714,1.8774834880739948,-0.14045362281756768,0
Sacramento Kings,Utah Jazz,-2.0925560054649823,-0.658005114423055,-0.38923199618015003,-3.244301308182042,-0.6863843930892232,2.955298083079437,-2.2823713707854707,1
Golden State Warriors,Charlotte Hornets,-1.4104514762239895,-0.04074369562183433,-1.7956963049252395,-0.6744929858069828,0.3835435172182676,1.0620187169208493,-0.6907560876969214,0
Orlando Magic,Denver Nuggets,-1.4146870662426805,0.6111554343275499,-0.5441503954318907,-0.7664693020533898,-2.165892803114918,-0.9749680024191428,-1.636001260334814,0
Detroit Pistons,Brooklyn Nets,0.4066166417943033,-1.8334663029826497,-0.48973535588870076,-0.444552195190966,-0.3609821338524885,0.20892171480410227,0.10906675068898763,1
Portland Trail Blazers,Philadelphia 76ers,-2.11779500934533,-1.7927226073608122,-1.088300790863782,-1.211021497244356,0.022561383365779175,1.2535302888246105,0.9088895890748925,0
Milwaukee Bucks,Toronto Raptors,0.0,0.6926428255712214,-2.5030918189866957,0.27592894873922014,1.0378236348258976,0.34820285800683615,-0.03635558356299584,1
Washington Wizards,Minnesota Timberwolves,-2.5413540112143957,-0.7741302168148959,-0.6529804745182692,-1.4256329018193048,0.5865959675102894,2.158857719642385,0.21813350137797116,0
Memphis Grizzlies,Phoenix Suns,-1.9780205387285381,0.6111554343275498,0.9794707117774035,-3.1271947523778296,-2.7299273872594316,1.410221574927688,-2.326757348031731,0
Oklahoma City Thunder,New Orleans Pelicans,0.7031079431026493,2.037184781091833,1.0338857513205923,0.9657513205872711,-2.098208653017581,-2.715982292453321,-0.9452451726378885,1
San Antonio Spurs,Los Angeles Lakers,-0.7668931112589292,2.1570723833384116,0.5340307705241065,-1.1546764726293426,0.7194656328140757,1.6264396753795964,0.07112039178229207,0
New York Knicks,Sacramento Kings,-0.6606368368073912,1.945594698697391,-0.26701538526205326,-0.03207434646192597,-0.4142377885899209,-0.19878707143528296,-0.5689631342583366,0
LA Clippers,Utah Jazz,0.6606368368073912,0.5921375169948574,-1.3884800033626776,0.16037173230963098,2.354614798300616,1.5541534675849467,0.3911621548026063,1
Cleveland Cavaliers,Dallas Mavericks,-1.5430258985571235,-0.7190241277794716,0.3204184623144637,-1.651828842789199,-2.0711889429496138,0.21685862338394668,-1.2446068561901074,0
Miami Heat,Houston Rockets,1.2103975611436117,0.7190241277794686,2.0827200050440147,2.2933157720277224,-0.4142377885899209,-2.801090552042638,1.2446068561901074,1
Indiana Pacers,Chicago Bulls,0.9886453362012707,0.972797349348694,0.1602092311572323,1.0424162600126012,0.06540596661946396,-1.048150013022406,0.4622825465848983,1
Golden State Warriors,Portland Trail Blazers,-0.6612011908130031,0.2569979410337928,0.0,-1.2829606243262557,-0.02279661448562842,1.518721360589204,-0.8161421248694275,1
Phoenix Suns,Philadelphia 76ers,-0.550230361585646,-1.7561525970642684,-1.0408248456277835,0.29991287321912474,0.45593228971259414,0.03749929285405229,1.1659173212420413,1
Brooklyn Nets,New Orleans Pelicans,1.322402381626006,1.4991546560304725,1.4455900633719219,0.8830767933674226,-0.06838984345688837,-1.0687298463405521,0.5440947499129545,1
Minnesota Timberwolves,Milwaukee Bucks,-0.21731787390357404,-2.569979410337953,1.6768844735114283,-1.6495208027051858,-1.8009325443647484,0.35624328211351824,-1.7877398925711319,0
Washington Wizards,Detroit Pistons,-0.1941989511478749,-0.728160832929085,-1.5034136659067985,0.7331203567578604,1.0714408808245937,0.11249787856216231,-0.07772782141613632,1
Memphis Grizzlies,Houston Rockets,-1.8680089586605118,1.1136577444797802,1.2142956532324123,-1.2163133191664501,-3.009153112103122,-1.1062291391946073,-1.9820594461114773,0
Chicago Bulls,Los Angeles Lakers,-2.4935122373268035,-1.4701125357801708,-0.4238609809649523,-2.131021966823988,-0.7833044505012084,1.5280358606504651,-1.167548863879257,0
Cleveland Cavaliers,Boston Celtics,-2.602960293545346,0.04742298502516751,1.3926860803134158,-2.0422293848729884,-0.9349117635014405,1.490306580140579,-0.43242550514046557,0
Atlanta Hawks,San Antonio Spurs,-0.6757227818710039,-1.9443423860318385,1.6954439238598102,-0.6748236228275963,-1.84455564150284,-0.5093452868834892,-0.30269785359832596,1
Denver Nuggets,Miami Heat,0.0,1.0907286555788345,-1.816547061278369,-0.6215480736569965,-0.151607313000232,0.5659392076483207,-1.7297020205618576,1
Charlotte Hornets,Indiana Pacers,0.33786139093550177,-0.901036715478168,2.2404080422433212,-1.4561983439963917,-0.22741096950034806,1.4714419398856333,0.7351233587387915,1
Oklahoma City Thunder,Orlando Magic,0.8517913940486599,-0.2845379101510015,1.0899282367670218,1.402922794825792,1.313930046002024,-0.5282099271384322,1.9459147731320952,1
LA Clippers,Milwaukee Bucks,-0.3884962678222357,-1.268711760928145,1.5881857477973322,-0.8915012550656043,-0.5086239875241687,0.508225348880962,-0.7475544459734099,0
Houston Rockets,Golden State Warriors,1.755254222088415,-0.780745699032705,0.42758847056081994,1.4508745915773562,0.8137983800386703,-1.0555449553681553,0.7915282369130174,1
Detroit Pistons,New York Knicks,1.4931362582565448,-1.4151015794967758,0.42758847056081994,1.4159137580453716,1.9073399532156323,-0.1368299016217983,2.770348829195573,1
Utah Jazz,Philadelphia 76ers,-0.4165803353756502,-0.8295423052222461,-0.0610840672229751,-0.15732375089393014,-1.1189727725531688,-0.6059609928965319,0.48371170033573097,1
Atlanta Hawks,Chicago Bulls,0.4493450808546341,1.2199151547386005,2.6266148905878954,0.017480416765992268,-0.8900919781672951,-0.6841495081089889,0.43973790939612334,0
Indiana Pacers,Washington Wizards,1.001665076071789,1.1711185485490558,-0.7330088066756926,0.9264620885975888,-0.7375047819100459,-1.6810530770678,-0.6156330731545728,1
Dallas Mavericks,Orlando Magic,2.171834557464065,-0.29277963713726485,0.3665044033378468,1.5033158418753327,3.9672671026885173,1.348751887414865,3.2980343204709213,1
Toronto Raptors,Sacramento Kings,2.171834557464065,0.9759321237908805,-0.061084067222973104,2.447258347238914,1.322422367562839,-1.4660346602335474,2.8582964110747975,1
Memphis Grizzlies,Minnesota Timberwolves,-1.333993208787195,1.8054744290131266,0.9162610083446149,-0.943942505363581,-1.1698351713055863,0.1954712880311397,-0.6596068640941852,1
San Antonio Spurs,Oklahoma City Thunder,1.2343717605099576,1.1396152155918928,-0.31525739696700694,0.10911549834978934,1.739460696521542,0.9628564724292007,0.4500873098862417,1
Phoenix Suns,Miami Heat,-0.20737445576567304,-0.8547114116939187,-1.0718751496878234,-0.03637183278326317,0.8269567245758174,0.5969710129061061,0.6001164131816557,0
LA Clippers,Portland Trail Blazers,1.6491206720413034,0.5223236404796185,1.1979781084746257,1.091154983497894,0.5988307315893864,-0.7895423073919462,0.8501649186740066,1
Charlotte Hornets,Boston Celtics,-1.7626828740082194,-1.7569067907041704,3.65698580481728,-2.764259291527998,-1.3687559579185908,2.06051285099849,0.2500485054923565,0
Los Angeles Lakers,Miami Heat,1.0306932744917048,0.9349798700732267,-1.4636467141143,0.8577681007737723,0.083469807347576,-0.7789547530768219,-0.8320819887934376,1
Orlando Magic,Memphis Grizzlies,0.5500334301374004,2.758190616716018,-1.8905436723976368,1.8048870453781463,-0.6955817278964731,-2.4367302532146797,-1.6152179782460956,1
Portland Trail Blazers,Brooklyn Nets,-0.8275277732697823,-0.9817288635768887,-2.0125142319071623,-0.482494556685247,-0.834698073475768,-0.03994639759368379,-0.9789199868158099,0
Utah Jazz,Milwaukee Bucks,0.0,-1.8232107466427914,2.8663081484738364,-0.7326769194109307,-2.4762709513114465,-0.8788207470610329,-0.5873519920894839,1
Indiana Pacers,Detroit Pistons,0.7730199558687788,0.8882308765695646,-2.1954700711714503,1.036469788434975,-0.05564653823171861,-1.258311524201022,-1.4683799802237179,1
Atlanta Hawks,Sacramento Kings,0.20812075734928648,0.28049396102196866,0.5488675177928616,0.46462438791912686,-1.1407540337502144,-1.2183651266073414,-0.14683799802237232,0
Dallas Mavericks,New York Knicks,2.205088976676965,0.23374496751830665,-0.9147791963214373,2.358862277127874,3.450085370366505,-0.1997319879684163,2.740975963084278,0
Denver Nuggets,Philadelphia 76ers,0.6194070159204957,-0.04674899350366202,-1.8295583926428747,-0.17870168766120265,-0.16693961469515595,0.11983919278104871,-0.8810279881342338,1
Minnesota Timberwolves,Golden State Warriors,2.1059838541296854,-0.3739919480292926,0.6098527975476249,1.37600299499126,-0.50081884408546,-2.0372662772778445,-0.2936759960447446,1
Washington Wizards,Cleveland Cavaliers,-0.6194070159204956,-1.8232107466427914,0.853793916566675,-0.07148067506448108,0.7512282661281879,0.6191691627020895,0.6852439907710708,0
New Orleans Pelicans,Toronto Raptors,-2.6163752352481744,-1.1219758440878715,0.0,-2.1265500831683113,-0.250409422042728,2.0971858736683715,-1.5662719789053048,0
San Antonio Spurs,Boston Celtics,-1.5665895657764215,1.3554399356861144,2.1825275573106246,-1.6391780596022314,-0.2692151693750282,1.633860925874887,-0.1832503351052052,0
Chicago Bulls,Houston Rockets,-1.8023146415045357,-1.1217433950505773,-0.9353689531331247,-1.0155777108405128,-2.665230176812777,-0.7652260032578585,-2.2448166050387584,0
Charlotte Hornets,New Orleans Pelicans,0.8741471558250882,-0.7945682381608273,0.5612213718798761,-0.40979451490055785,-1.3999188807501475,-0.5997717322831871,-0.7330013404208158,0
Oklahoma City Thunder,Golden State Warriors,0.9821878155338069,0.3271751568897499,0.9353689531331248,1.8529838934633918,-0.6999594403750719,-2.7920408226975897,0.6871887566445144,1
Memphis Grizzlies,Dallas Mavericks,-2.18536788956272,-1.8695723250842966,1.3718744645952492,-2.6725729232645077,-3.1228959647503256,0.6411353000268557,-1.7866907672757455,0
Philadelphia 76ers,Charlotte Hornets,1.3161755619803768,2.257101385189553,0.30985063457287976,2.136480971317714,0.9799844915865277,-1.6729620560907896,0.4820212541264773,1
Los Angeles Lakers,Toronto Raptors,0.38450072597179574,0.5988228164788599,-0.9915220306332155,0.47075004452763203,-0.4759924673420286,-0.7641925441402354,-1.6870743894426652,0
New York Knicks,Cleveland Cavaliers,-1.2027971427835649,0.46063293575297015,1.549253172864398,-1.665730926790082,-1.9599689831730556,0.47503860851960666,-1.4942658877920798,0
Phoenix Suns,Brooklyn Nets,1.0992777165603895,-2.1189115044636635,-1.3013726652060928,1.6476251558467114,0.11199822760989053,-1.6936159086351221,0.8194361320150113,1
Orlando Magic,Indiana Pacers,-1.4788489460453667,1.7504051558612852,0.12394025382915119,-0.8328654633950411,-2.4079618936126095,-0.7435386915959088,-2.265499894394443,0
Portland Trail Blazers,Atlanta Hawks,0.3302762646167986,1.0594557522318333,-2.0450141881810056,0.7061250667914478,1.7359725279532785,0.47503860851960666,0.6266276303644205,1
Minnesota Timberwolves,Denver Nuggets,-0.8774503746535846,-1.566151981560098,-0.06197012691457571,-0.6155962120745956,0.5039920242444992,0.9294233644948838,0.674829755777068,0
Oklahoma City Thunder,Milwaukee Bucks,-1.4788489460453667,-1.9807216237377738,1.3013726652060953,-1.032028943772116,-1.5679751865384428,0.02065385254432961,-0.9158403828403068,0
Golden State Warriors,Utah Jazz,-2.6913425030282188,-0.6082413390016106,-1.652396084792203,-2.589154872422122,0.8747476596871269,3.7002085842955243,-1.0381920811608514,0
San Antonio Spurs,Memphis Grizzlies,0.987648624964484,2.1522385841595386,-0.8261980423961008,1.6159264451996225,2.041077872603296,-0.45708458982474,0.6426903359567209,0
Boston Celtics,Dallas Mavericks,1.4271522630736797,-0.5146657483859771,-1.6523960847922032,1.1752192328724524,-0.3498990638748516,-1.6977427622061811,-0.44493946335464746,1
LA Clippers,Toronto Raptors,0.0,1.4036338592344815,0.0,-0.11017680308179234,0.49569034048937266,0.348254925580757,-1.1370675174618854,1
Detroit Pistons,Minnesota Timberwolves,-1.318510914327586,-0.935755906156321,1.3346276069475487,-0.5876096164362262,0.8747476596871269,1.414785635171818,1.9775087260206743,0
New Orleans Pelicans,Houston Rockets,-2.4691215624112095,-0.374302362462527,0.6355369556893101,-1.2486704349269808,-1.0496971916245506,0.740041716859106,-0.5932526178062039,0
Philadelphia 76ers,Cleveland Cavaliers,1.160566070987284,0.08959929421575208,2.239717123570237,0.6373040312497813,-0.11705865846113161,-0.8904830968815476,0.6126283010523963,1
Chicago Bulls,New York Knicks,0.8950128174562954,-2.06078376696227,-1.4078221919584353,1.5113209883923386,1.1413219199960145,-0.9540890323730862,1.1742042436837594,1
Phoenix Suns,Los Angeles Lakers,-1.0720483198102877,-2.32958164960952,-0.19197575344887674,-0.691930091071191,0.8486752738431939,1.2721187098307816,1.582623111052018,0
Miami Heat,Detroit Pistons,1.80477859344209,0.8063936479417594,0.3199595890814624,1.6934078544637043,-0.4682346338445182,-2.2262077422038677,0.0,1
Utah Jazz,Brooklyn Nets,1.6080724797154318,-0.40319682397087814,-0.25596767126516895,1.2746080624995624,-1.7558798769169495,-2.6078433551531015,-0.2552617921051651,1
Indiana Pacers,Oklahoma City Thunder,1.3376015733412767,0.6719947066181313,-1.4078221919584344,1.110729883035333,1.6680858830711027,-0.1484138494802585,-0.05105235842103302,1
Sacramento Kings,Portland Trail Blazers,0.32948274049215276,-0.9407925892653843,1.5997979454073132,-0.5462605982140983,-0.35117597538339074,0.36043363445205234,0.10210471684206601,1
Denver Nuggets,Atlanta Hawks,1.4752958529499371,1.2095904719126376,-1.983749452305068,1.056103823213923,0.29264664615282493,-0.9328870538759075,-1.2252566021047926,0
Los Angeles Lakers,Golden State Warriors,3.2267275459704132,1.607240041414518,0.3263316747224279,3.6844139934557134,0.5663577279832316,-3.749721231582619,0.7548351517847137,1
Boston Celtics,Washington Wizards,3.3605549557111223,1.8678735616439002,-2.1537890531680235,2.4076368670106643,1.013482250075251,-2.1396714372307586,0.4025787476185084,1
Orlando Magic,Philadelphia 76ers,-1.3481872388693588,0.7384616406499158,-2.6759197327239086,-0.41951248440337335,-1.3413735662760709,-0.40251244858796287,-1.9625713946402557,1
Houston Rockets,LA Clippers,0.7137461852837782,-0.999095160879295,-0.5221306795558851,-0.09119836617464644,0.7153992353472395,0.6355459714546812,0.7045128083323938,1
Portland Trail Blazers,Toronto Raptors,-1.952888868068115,0.0,-1.305326698889713,-1.3679754926196956,-0.059616602945599756,1.440570868630613,-1.7109596773786788,0
Charlotte Hornets,Memphis Grizzlies,0.0,-1.346606521185139,0.32633167472242786,0.2918347717588685,0.14904150736400779,-0.1482940600060899,0.30193406071388545,0
Minnesota Timberwolves,San Antonio Spurs,0.89713930233586,-1.6941178814909796,0.06526633494448536,0.4924711773430904,-0.6557826324016313,-1.038058420042647,-0.402578747618514,1
New York Knicks,Dallas Mavericks,-1.5164897763605436,-0.08980462810218381,1.813337596344907,-2.323506228175195,-3.8615430466460996,-0.0456752627309337,-2.686706576932439,1
Phoenix Suns,Atlanta Hawks,1.398254980237518,-1.39197173558388,-1.6790162929119514,2.169885981684273,2.3545994186866466,-0.7993170977913294,2.2811659615464097,1
Cleveland Cavaliers,Miami Heat,-1.8660535214199228,1.302167107481693,-2.283462158360254,-1.5362024649092199,-0.6592878372322637,1.2789073564661257,-2.4332436923161707,0
Milwaukee Bucks,Chicago Bulls,2.025413464020522,3.053357355474315,-0.2686426068659112,2.016265735193351,2.3232047597708263,-0.7536418350603957,2.4332436923161707,1
Denver Nuggets,Brooklyn Nets,1.8660535214199228,0.7633393388685804,-1.813337596344907,1.017734133002358,-1.1616023798854131,-2.0097115601610565,-2.0783956538534007,1
New Orleans Pelicans,LA Clippers,-1.5935994260059945,-1.5266786777371575,0.2686426068659124,-1.3441771567955672,0.3767359069898643,1.9183610346991886,0.4562331923092774,1
Golden State Warriors,Boston Celtics,-3.8423968360372274,-1.0631920387439453,2.040838728661242,-3.4052106536503572,-2.148814566607638,2.7035759989254924,-1.159994678801577,0
Los Angeles Lakers,Sacramento Kings,2.3868663789423303,1.240390711867939,-1.4483371622757208,2.4898314456798305,0.5605603217237314,-2.3490086548041145,0.30260730751345627,1
Orlando Magic,San Antonio Spurs,0.16285655463998827,0.6201953559339678,-0.5925015663855221,0.4393820198258525,-2.4913792076610326,-2.1717249827434273,-2.067816601341951,1
Houston Rockets,Indiana Pacers,1.1756207538074164,-0.4429966828099775,0.3950010442570143,0.31122893070997887,1.8373921656500132,0.9307392783186126,1.5634710888195185,1
Minnesota Timberwolves,Washington Wizards,1.2112456251349144,0.7530943607769631,0.5266680590093521,-0.05492275247823153,-1.4948275245966185,-1.0858624913717152,-0.958256473792606,0
Charlotte Hornets,Detroit Pistons,0.7837471692049446,-0.2214983414049887,-0.724168581137861,-0.36615168318821034,-1.0588361632559407,-0.24376504908344465,-1.5130365375672759,1
Oklahoma City Thunder,Philadelphia 76ers,-0.84481837719494,-1.4618890532729276,-1.250836640147213,-0.3112289307099789,-0.37370688114915135,0.08864183603034204,0.5043455125224215,1
Memphis Grizzlies,Utah Jazz,-1.27231683312491,-0.39869701452897915,0.0,-2.196910099129263,-0.3114224009576291,2.3933295728192876,-0.9078219225403632,1
San Antonio Spurs,Portland Trail Blazers,0.0,0.8047800652213666,0.06736299465402018,-0.14300132699452148,0.5392746104727834,0.4907898453436987,0.2098571919253591,0
Chicago Bulls,Brooklyn Nets,-0.5620848109524595,-1.25188010145546,-0.5389039572321642,-0.23237715636609757,-1.8716001186996696,-0.9369624320197878,-1.678857535402867,0
New York Knicks,Charlotte Hornets,-1.1912072599084238,2.8614402318981966,-0.13472598930804047,-0.6435059714753466,-1.3006034723167195,-0.1561604053366319,-1.9936433232909112,0
LA Clippers,Atlanta Hawks,1.5831196051596799,2.10137017030024,-0.8757189305022665,2.752775544644539,2.601206944633444,-1.650838570701528,1.4690003434775079,1
Miami Heat,New Orleans Pelicans,2.2792796921191485,0.08942000724681987,1.212533903772369,1.9662682461746712,-0.4123864668321303,-2.632418261388925,1.2066788535708148,1
Indiana Pacers,Milwaukee Bucks,-1.0932291735956094,-1.5648501268193264,-0.33681497327010235,-1.0725099524589117,-1.1737153286760664,0.5130984746775018,-1.8362504293468862,0
Dallas Mavericks,Toronto Raptors,-0.4331662763303362,1.3860101123256898,-1.5493488770424713,-0.30387781986335816,1.4909356877777058,1.4277522773634865,-0.8394287677014306,1
Minnesota Timberwolves,Houston Rockets,-1.1912072599084236,-0.35768002898727336,0.538903957232163,-1.108260284207542,-1.5861017955081969,0.24539492267184773,-1.2591431515521487,0
Los Angeles Lakers,Atlanta Hawks,2.708223965174732,1.5250132092718187,-1.8673517893050522,3.296772663665797,2.134067898947876,-2.49211575614646,1.2417043554166638,1
Orlando Magic,Washington Wizards,0.9514020992900081,3.1397330779125694,-0.5532894190533494,0.4660359262773639,-2.8891996170371237,-2.3653980058339297,-2.4294215649456525,1
Cleveland Cavaliers,Philadelphia 76ers,-1.545399177153611,-0.2691199781067923,-1.4523847250150408,-1.2772836497972198,-0.722299904259282,1.1615793778648758,-1.295691501304351,0
Sacramento Kings,Boston Celtics,-2.159531749182082,-1.2558932311650264,2.973930627411751,-2.1403131429034494,-1.4774316223485298,1.5839718789066488,-0.48588431298913165,1
Memphis Grizzlies,Denver Nuggets,-1.8373638425441956,-1.435306549902887,2.074835321450059,-2.1057919631791995,-0.9849544148990197,1.9007662546879787,0.9717686259782632,0
New Orleans Pelicans,Golden State Warriors,0.8305891343008007,-0.04485332968446587,1.3832235476333712,1.0011142120032261,1.2147771117087873,-0.5491102513543038,1.457652938967389,1
Chicago Bulls,Milwaukee Bucks,-2.4697480919226527,-2.684117790524299,0.48675802188368866,-2.241239716104492,-2.392036898663256,1.2439165298689951,-2.608621259661823,0
New York Knicks,Cleveland Cavaliers,-0.11249370190952046,1.0289118197009832,0.4867580218836887,-0.4941315909521715,-0.4915144312321762,0.26187716418294754,-1.0869255248590957,1
Phoenix Suns,Boston Celtics,-1.5749118267332853,-2.5499119009980853,1.877495227265659,-0.6882547159690959,-0.29490865873930294,0.6546929104573671,1.3586569060738631,0
Brooklyn Nets,Indiana Pacers,-0.9510831161441268,-0.8499706336660273,1.2516634848437727,-1.4294521023973532,0.09830288624643427,1.8767863433111183,0.9238866961302311,0
LA Clippers,Oklahoma City Thunder,1.4624181248237653,1.923617749875746,0.41722116161459166,1.1647387501015471,1.7694519524358312,-0.2618771641829475,0.05434627624294874,1
Houston Rockets,Portland Trail Blazers,2.3163475893187613,0.08947059301747472,0.13907372053819766,1.552985000135396,1.7366843236870213,-0.7201622015031033,1.413003182316818,1
Utah Jazz,Minnesota Timberwolves,0.22498740381904103,0.49208826159612207,0.6258317424218877,0.8294351705268592,-1.0157964912131665,-1.6149091791281736,0.3804239337006834,0
Dallas Mavericks,San Antonio Spurs,1.3192443223934665,0.1342058895262137,-0.06953686026909933,0.988263181904343,0.8191907187202936,-0.5674005223963836,0.6521553149154513,1
Toronto Raptors,Charlotte Hornets,1.3448110728274483,2.0130883428932242,-0.6953686026909847,2.57654329567918,1.5073109224453427,-2.204132798539805,1.7390808397745465,1
Los Angeles Lakers,Oklahoma City Thunder,2.5489781949858887,1.2707837126694024,-0.5711874453591405,1.7192601768706395,1.6225203446528833,-0.8879488722802752,0.10246634980134955,1
Sacramento Kings,Phoenix Suns,-0.38744468563785517,1.2707837126694055,1.2137733213881758,-1.3147283705481363,-0.8265669680307154,1.0147987111774561,-1.2808293725169346,1
Memphis Grizzlies,Golden State Warriors,0.8615546299052302,0.0,1.356570182727962,0.2528323789515645,-0.5204310539452656,-0.803382313015486,0.5635649239074538,0
New Orleans Pelicans,Portland Trail Blazers,0.12235095335932245,-0.5446215911440314,1.356570182727962,0.050566475790312926,0.5204310539452656,0.31712459724295516,0.8709639733115137,1
Philadelphia 76ers,New York Knicks,1.9139206692235233,-0.6695410221693019,0.7748837982258439,1.7080071670820614,1.106349726730844,-1.3782870654317434,1.9891954754972048,1
Chicago Bulls,Detroit Pistons,0.23924008365294058,0.7588131584585434,-1.76109954142237,0.38895212715730115,-1.31565913449073,-1.3782870654317434,-2.1932155242661433,1
Brooklyn Nets,Charlotte Hornets,0.1476162218284099,2.008623066507906,-0.7748837982258439,0.8286371404655547,0.8671389750052529,-0.44529274421640813,0.2550250609611801,1
LA Clippers,Boston Celtics,-0.605735530951062,0.4017246133015805,2.888203247932688,-0.2874863548553964,-0.20930940775989004,0.1908397475213196,0.5100501219223602,1
Miami Heat,Cleveland Cavaliers,2.458573625624899,-0.49099674959082207,2.395095376334425,2.3675346870444414,1.4352645103535253,-1.8871930588219268,3.009295719341919,1
Atlanta Hawks,Milwaukee Bucks,-2.6163702765449237,-2.9459804975449293,1.972431486393055,-2.959418358805552,-2.422008861221578,2.014419557169471,-2.040200487689435,0
Dallas Mavericks,Golden State Warriors,2.3160476183422958,1.9193509302186673,-0.4226638899413687,2.857952586503647,2.870529020707051,-1.5903312293443193,2.0912054998816707,1
Minnesota Timberwolves,Utah Jazz,-0.5599236000387967,-0.49099674959082207,-0.4226638899413686,-0.9131919507171418,0.657829567245367,1.5691268129530598,-0.4590451097301242,0
Denver Nuggets,Houston Rockets,0.18324772364906106,0.8480852947477818,-1.1271037065103167,0.0,-1.4352645103535295,-0.9754031539978479,-1.9891954754971992,1
Washington Wizards,San Antonio Spurs,0.0,-2.4103476798094863,0.35221990828447414,0.20293154460380924,0.8671389750052529,0.33927066226012337,1.0201002438447146,1
Toronto Raptors,Orlando Magic,1.4507111455550643,-1.160537771760124,1.5497675964516853,1.3697879260757124,1.9435873577704001,-0.381679495042636,3.3153257924953357,1
Phoenix Suns,New Orleans Pelicans,0.5026999527777608,-1.390526561767596,-0.9524045096989777,1.0745820637897592,0.17265064449439826,-1.2829756495015427,0.7690395530611273,0
Milwaukee Bucks,Portland Trail Blazers,2.448148770027696,1.738158202209497,0.34014446774963525,2.000375841824013,0.9495785447191988,-1.8603146917772377,1.5861440781885694,1
Philadelphia 76ers,San Antonio Spurs,1.66697245052752,0.275999033053358,1.7325957647678543,1.2925833571343193,-0.7934971196605689,-2.192327658639184,0.051705511486449585,1
Chicago Bulls,Miami Heat,-1.8908941229864409,0.045999838842226914,-2.633545562447141,-1.4286447631484585,-1.220764799477801,0.9427008932148486,-2.94721415472762,0
Brooklyn Nets,Sacramento Kings,0.18908941229864423,1.3339953264245632,-0.6237344753164294,0.5272379483047882,0.30519119986945026,-0.41654225514144627,0.05170551148644956,1
LA Clippers,Houston Rockets,0.0,1.1499959710556555,1.3167727812235692,0.2721228120282776,-0.7324588796866781,-0.9207776166284579,-0.41364409189159657,1
Detroit Pistons,Atlanta Hawks,0.313490341442489,0.1839993553689041,0.27721532236285595,1.054475896609576,0.9460927195952941,-0.6576982975917552,1.3960488101341326,1
Utah Jazz,Golden State Warriors,2.5477310288659414,1.3339953264245599,1.5246842729957137,2.3980822809991977,0.06103823997388658,-3.1569518284404263,1.4994598331070317,1
Dallas Mavericks,Cleveland Cavaliers,1.7615171566768424,1.563994520635691,-1.2474689506328565,2.7212281202827775,3.814889998368128,-0.855007786869283,2.533570062836023,1
Denver Nuggets,Boston Celtics,0.2637299697849511,0.41399854958003535,0.7623421364978562,-0.39117654229064913,-0.7019397596997348,0.021923276586390594,-0.9824047182425419,1
Washington Wizards,Charlotte Hornets,0.15923318930412145,-0.0919996776844505,-2.0791149177214265,1.1225065996166457,2.838278158785891,0.5042353614870148,1.3443432986476829,1
Oklahoma City Thunder,Los Angeles Lakers,-2.697012143838555,-1.2879954875823332,0.2772153223628572,-1.5987215206661318,-1.4954368793603037,0.7453914039373208,-0.15511653445934864,0
Philadelphia 76ers,Miami Heat,-0.22167008202121263,1.369731220642417,-1.5473467961983094,-0.13544513086068133,0.0,0.13200296175484993,-1.3737876752101672,1
New York Knicks,San Antonio Spurs,-0.581268215077846,0.41091936619272773,1.1253431245078598,-0.7110869370185762,-2.219919848408207,-0.6380143151484452,-2.1663574878314114,0
Cleveland Cavaliers,Portland Trail Blazers,0.09359403463117877,0.04565770735474789,0.8440073433808958,-0.6095030888730653,-1.1251648546726543,0.11000246812904269,-0.7925698126212503,1
Milwaukee Bucks,Detroit Pistons,2.463000911346805,3.104724100122814,-1.9693504678887557,2.0824688869829733,1.094754993735553,-1.9140429454453423,0.42270390006466685,1
Utah Jazz,New Orleans Pelicans,1.6502106106023595,1.1414426838686809,0.4923376169721895,1.3883125913219825,-1.2772141593581479,-2.7500617032260655,0.052837987508083384,1
Indiana Pacers,Orlando Magic,0.985200364538722,-0.3652616588379767,0.49233761697218825,0.8803933505944279,1.1251648546726543,-0.4400098725161704,1.3209496877020837,1
Atlanta Hawks,Toronto Raptors,-2.379258880361014,-1.8263082941898896,1.05500917922612,-2.8612783894318903,-1.8550015171630214,2.354052817961513,-1.955005537799078,0
Minnesota Timberwolves,Phoenix Suns,0.0,1.7806505868351419,0.5626715622539304,-0.7618788610913316,-1.2468042984210466,0.08800197450323222,-1.8493295627829114,0
Charlotte Hornets,Chicago Bulls,0.0,-1.0044695618044406,1.4066789056348252,-0.8126707851640871,0.273688748433886,1.2760286302968937,1.215273712685917,0
Memphis Grizzlies,Los Angeles Lakers,-2.669892987899937,-0.7761810250307011,1.0550091792261187,-2.9120703135046453,-2.0374606827856123,2.046045907200192,-1.1095977376697443,0
New York Knicks,Brooklyn Nets,-1.429281787846887,0.5038673179157268,0.21100183584522428,-0.9525894827144447,-1.2960221715105034,0.3199533501044595,-1.7074681020711624,0
LA Clippers,New Orleans Pelicans,1.7161104459522143,2.061275391473425,0.5626715622539292,1.8541473859977584,0.27126045450220027,-2.3310886936181965,0.15522437291556018,1
Houston Rockets,Dallas Mavericks,-0.19932160986980352,-1.0993468754524927,1.1253431245078596,-1.0206315886226192,-1.7179828785139208,0.04570762144349466,-0.724380406939281,0
Denver Nuggets,Phoenix Suns,1.458450803925395,2.9773977876838362,-0.42200367169044717,0.37423158249496036,-0.6329410605051283,-0.9598600503133754,-2.2766241360948776,1
Washington Wizards,Sacramento Kings,-0.3937817170598566,-0.4580611981052056,-1.6880146867617905,0.4082526354490477,1.9892433330161254,0.9598600503133754,1.0348291527703957,0
Golden State Warriors,Oklahoma City Thunder,-1.0076180548513536,0.08908748698526914,-1.2202252608933897,-1.5900302619640745,-0.19345227139391707,2.1832730412275634,-1.701510233423608,0
San Antonio Spurs,Los Angeles Lakers,-2.6595303466990057,0.22271871746316965,-0.5742236521851241,-2.017457751739364,-0.06448409046463599,2.36521246132986,-0.42537755835589763,0
Chicago Bulls,Portland Trail Blazers,0.0,-0.8463311263600442,0.8613354782776881,-0.22226229468315029,-1.6121022616159912,-0.7732425354347638,-1.1166160906842466,0
Boston Celtics,Sacramento Kings,1.5114270822770306,1.6926622527200912,-2.7993403044024836,1.7097099591011555,0.6448409046463964,-1.796651773510185,-0.6380663375338552,1
Cleveland Cavaliers,Brooklyn Nets,-1.138414629279174,-0.35634994794107333,-0.35888978261570303,-1.008728875869682,-0.902777266504954,0.7959849629475497,-1.1166160906842466,0
Miami Heat,Charlotte Hornets,2.020080427274108,1.2026810743011143,1.507337086985951,2.479079440696676,1.2251977188281569,-2.3652124613298633,2.1800599865739994,1
Detroit Pistons,Orlando Magic,-0.10657498657081632,-2.0935559441537963,3.0146741739719047,-0.11967969713708088,1.48313408068671,1.068894093100996,2.977642908491318,1
Milwaukee Bucks,Utah Jazz,0.8574442101379305,1.425399791764287,-1.2920032174165301,0.8719520791415893,1.77331248777759,0.06822728253836075,0.5317219479448794,1
Indiana Pacers,Memphis Grizzlies,1.5114270822770308,1.3808560482716525,-1.5073370869859524,2.3252055443775714,1.2574397640604749,-2.092303331176417,0.15951658438346383,1
Atlanta Hawks,Minnesota Timberwolves,-1.4242293659918175,-1.7372059962127229,1.5791150435090942,-1.4874476644180052,-0.6125988594140784,1.5692274983823136,0.05317219479448798,0
Toronto Raptors,Philadelphia 76ers,0.498964709854276,-0.6236124088968744,-0.8613354782776868,0.4616216889573119,0.773809085575673,-0.045484855025574866,1.1166160906842406,1
Dallas Mavericks,LA Clippers,-0.43260806349407166,-0.13577100417008858,-1.8897799046450983,0.12006979427048048,1.6971362147964109,1.120251770182404,0.9420355066250423,0
Denver Nuggets,Washington Wizards,2.1053592423378156,3.620560111202309,0.07268384248634963,1.166392287198954,-1.8205643031452425,-2.9639994752742798,-2.459759378409827,1
Philadelphia 76ers,Sacramento Kings,1.225722846566537,2.0365650625512988,0.21805152745905032,1.4408375312457669,0.3702842650464905,-1.6570390767281389,0.31401183554168083,1
Golden State Warriors,Chicago Bulls,-0.5047094074097506,0.2262850069501443,-0.6541545823771497,-0.7547244211287353,0.6171404417441495,1.6103619196372079,0.47101775331252127,1
San Antonio Spurs,Minnesota Timberwolves,-1.153621502650858,0.04525700139002631,-0.8722061098361988,-0.5317376603406996,1.1417098172266773,1.4936690269098742,0.5756883651597481,0
Phoenix Suns,Washington Wizards,0.4614486010603431,0.4073130125102622,0.218051527459049,0.6003489713524028,-0.8639966184418084,-1.493669026909871,-0.10467061184722692,0
Boston Celtics,Brooklyn Nets,1.2737904091769892,0.6788550208504329,-1.8897799046450996,1.4236847034928413,0.5862834196569437,-1.493669026909874,-0.3663471414652943,1
Houston Rockets,Miami Heat,-0.18746349418076402,0.6788550208504329,-3.052721384426697,-0.4116678660702192,0.98742470679064,1.2602832414552032,-1.099041424395883,1
Cleveland Cavaliers,Orlando Magic,-0.6441053389800622,-0.588341018070374,1.5990445346996982,-1.097780976187251,0.3702842650464906,1.7270548123645417,0.7326942829305887,0
Portland Trail Blazers,Oklahoma City Thunder,0.07210134391567868,1.3577100417008658,-1.090257637295249,0.01715282775292576,1.172566839313883,0.8635274061822709,-0.4710177533125154,1
Milwaukee Bucks,Atlanta Hawks,2.936928075498643,3.122733095911994,-2.1078314321041476,3.121814651032495,2.221705590278934,-2.5905822185468095,1.884071013250079,1
Indiana Pacers,Utah Jazz,0.17304322539762884,0.5430840166803445,-1.7444122196723977,0.5831961435994771,0.9565676847034299,-0.07001573563639973,-0.7326942829305827,1
Charlotte Hornets,Detroit Pistons,0.1682364691365834,-0.7693690236304919,-0.6541545823771484,-0.8919470431521415,-0.740568530092981,0.700157356364003,-0.99437081254865,1
Toronto Raptors,New York Knicks,2.6100686497475665,-0.4073130125102591,-0.36341921243174974,2.813063751479831,2.499418789063803,-1.913763440728275,3.2971242731876425,1
Memphis Grizzlies,LA Clippers,-2.129393023643042,-1.8555370569911842,0.2180515274590491,-2.607229818444721,-1.7588502589708224,2.1004720690920085,-0.7326942829305827,0
New Orleans Pelicans,Los Angeles Lakers,-2.6725564811411546,-0.7241120222404624,0.5814707398907988,-2.178409124621576,-0.4937123533953222,2.4738893258194756,-0.36634714146529423,0
San Antonio Spurs,LA Clippers,-1.6654659559104021,-0.8408315780604697,-1.898357666584518,-1.450248439998399,0.08800458579904563,1.994338747924047,-0.20235592611539677,1
Los Angeles Lakers,Washington Wizards,2.5790929945812517,2.102078945151169,0.6074744533070463,1.9281712213615076,-0.26401375739714095,-2.6968898977609266,-0.1517669445865476,1
New York Knicks,Philadelphia 76ers,-2.3268938641148194,0.0467128654478044,-0.6074744533070451,-2.0600119886340895,-1.3494036489187102,1.7677093447508603,-2.2259151872693588,0
Phoenix Suns,Dallas Mavericks,-1.0611397376229137,-2.7560590614204212,0.6834087599704267,-0.9723256586352902,-1.613417406315851,0.022662940317320662,-0.20235592611539688,0
Brooklyn Nets,Boston Celtics,-0.9326609353098252,-0.6539801162692553,1.898357666584518,-1.2030470013623082,-0.4400229289952321,1.337113478721803,0.40471185223079353,1
Orlando Magic,Toronto Raptors,-1.8510464481404187,0.32699005813462767,-1.1390145999507109,-1.5820892072709807,-2.317454092708224,0.4532588063463746,-2.934160928673247,0
Cleveland Cavaliers,Milwaukee Bucks,-2.793224331769732,-1.8685146179121503,0.9871459866239487,-2.9004968799967976,-2.376123816574252,2.2209681510972343,-2.2765041687982075,0
Miami Heat,Golden State Warriors,2.4839235113863714,0.46712865447803764,3.4929781065155128,2.504974578179053,1.3200687869856964,-2.538249315539698,3.0859278732597946,1
Detroit Pistons,Charlotte Hornets,-0.3093008203833605,0.7006929817170564,0.98714598662395,1.0217659463625084,0.7920412721914187,-0.8385287917407935,1.1129575936346765,0
Portland Trail Blazers,Chicago Bulls,0.47584741597440083,1.1211087707472929,-1.1390145999507109,0.5108829731812541,2.0241054733780697,0.7932029111061555,1.618847408923174,1
Indiana Pacers,Atlanta Hawks,2.0556608370094107,1.821801752464346,-2.429897813228184,2.620335249542562,1.378738510851724,-2.538249315539698,0.6576567598750394,1
Memphis Grizzlies,Utah Jazz,-1.6844998525493784,-0.6539801162692553,0.2278029199901428,-1.7963304540889262,-0.4400229289952322,2.062327568876006,-0.9611906490481289,0
Oklahoma City Thunder,New Orleans Pelicans,0.34736861366131255,-0.42041578903023313,-0.6834087599704268,0.5273630690903269,-0.9093807199234822,-1.4730911206257173,0.15176694458654755,1
Philadelphia 76ers,Indiana Pacers,0.3262454374949275,0.5677710829959242,1.795721398630164,-0.06603054995344482,-0.23528756715569393,-0.0916974215312385,0.4080797578362516,1
Houston Rockets,Atlanta Hawks,2.3220998786403677,1.9398845335694117,-2.1860956157236795,2.7072525480912355,2.91168364355172,-1.444234389117038,2.0403987891812805,1
Milwaukee Bucks,Charlotte Hornets,2.250133973310604,3.2646837272265747,-1.4053471815366498,3.1034358478119035,2.146999050295714,-2.6592252244059775,1.7343389708040875,1
Sacramento Kings,Denver Nuggets,-1.5400703740569381,-2.5076556165653425,1.639571711792759,-1.370133911533979,-0.3235204048390786,1.6047048767967094,0.7141395762134503,1
Los Angeles Lakers,Dallas Mavericks,0.7965999034131022,-1.217893150057146,1.5747879991022646,0.03230388277017959,-1.4522279747251283,-1.145277296225181,-0.4013400372543915,0
New York Knicks,Boston Celtics,-2.624940645584139,-0.32789430963077126,1.811006198967605,-2.5681586802292786,-2.021729141284003,1.992782495431812,-1.555192644360767,0
Brooklyn Nets,Miami Heat,-1.1373143199331646,0.5152624865626392,-2.125963798788058,-1.2275475452668252,-0.4840759915750441,1.2827105717722012,-1.8060301676447563,0
LA Clippers,Washington Wizards,1.8283407421710363,3.466311273239567,1.4173091991920386,1.6959538454344296,-0.37017575826326754,-2.702854419091426,-0.40134003725439155,1
Orlando Magic,Golden State Warriors,1.1469119091309126,1.6394715481538495,-0.5511757996857933,1.3567630763475433,-0.3417006999353256,-2.267649046525856,-0.5518425512247884,1
Detroit Pistons,San Antonio Spurs,0.08157950818085968,-0.6557886192615425,3.070836598249416,0.5976218312483227,0.05695011665588828,-0.8016941073576267,1.204020111763169,1
Minnesota Timberwolves,Memphis Grizzlies,1.0845275793455493,0.7963147519604392,-0.6299151996409064,1.1306358969562862,0.45560093324710205,-1.145277296225181,0.10033500931359796,0
Toronto Raptors,Utah Jazz,1.0461372225545569,0.04684204423296451,-0.7873939995511323,1.2760033694220945,1.6800284413486812,-0.41229982664106457,1.0535175977927722,1
New Orleans Pelicans,Oklahoma City Thunder,-0.5806541464637675,0.2342102211648357,0.6299151996409064,-0.5330140657079634,0.7688265748544773,1.465954939168233,-0.15050251397039682,0